{
  "metadata": {
    "experiment_id": "exp1_director_entropy",
    "timestamp": "2025-12-03T14:52:58.060730",
    "random_seeds": {
      "exp1_director": 42,
      "exp1_random": 43,
      "exp2_coop": 44,
      "exp2_defect": 45,
      "exp3_main": 46,
      "exp3_shuffle": 47
    },
    "config_version": "1.0"
  },
  "raw_data": {
    "trial": [
      0,
      1,
      2,
      3,
      4,
      5,
      6,
      7,
      8,
      9,
      10,
      11,
      12,
      13,
      14,
      15,
      16,
      17,
      18,
      19,
      20,
      21,
      22,
      23,
      24,
      25,
      26,
      27,
      28,
      29,
      30,
      31,
      32,
      33,
      34,
      35,
      36,
      37,
      38,
      39,
      40,
      41,
      42,
      43,
      44,
      45,
      46,
      47,
      48,
      49,
      50,
      51,
      52,
      53,
      54,
      55,
      56,
      57,
      58,
      59,
      60,
      61,
      62,
      63,
      64,
      65,
      66,
      67,
      68,
      69,
      70,
      71,
      72,
      73,
      74,
      75,
      76,
      77,
      78,
      79,
      80,
      81,
      82,
      83,
      84,
      85,
      86,
      87,
      88,
      89,
      90,
      91,
      92,
      93,
      94,
      95,
      96,
      97,
      98,
      99
    ],
    "initial_energy": [
      0.03614583611488342,
      0.032943665981292725,
      0.037629783153533936,
      0.04189780354499817,
      0.02287083864212036,
      0.06848552823066711,
      0.023736655712127686,
      0.022196084260940552,
      0.021938025951385498,
      0.038824230432510376,
      0.042231231927871704,
      0.05818137526512146,
      0.057901203632354736,
      -0.0037649869918823242,
      0.017357587814331055,
      0.022548973560333252,
      0.040297627449035645,
      0.04291573166847229,
      0.026793718338012695,
      0.06526181101799011,
      0.037201374769210815,
      0.028721004724502563,
      0.027409225702285767,
      0.09973445534706116,
      0.024640798568725586,
      -0.006377816200256348,
      0.03278490900993347,
      0.03772076964378357,
      0.029146939516067505,
      0.04196619987487793,
      0.024315178394317627,
      0.05928167700767517,
      0.04145541787147522,
      0.06332474946975708,
      0.017386138439178467,
      0.027473509311676025,
      0.03884628415107727,
      0.056091487407684326,
      0.058421045541763306,
      0.02711808681488037,
      0.04700925946235657,
      -0.017486751079559326,
      0.04049968719482422,
      0.07314658164978027,
      0.06651520729064941,
      -0.045826077461242676,
      0.07447174191474915,
      0.01884603500366211,
      0.053882330656051636,
      0.05792751908302307,
      0.0144425630569458,
      0.05049562454223633,
      -0.028071105480194092,
      0.044528573751449585,
      0.025259554386138916,
      0.029994994401931763,
      0.012905001640319824,
      0.008604168891906738,
      0.028641581535339355,
      0.049003779888153076,
      -0.0014239847660064697,
      0.045534759759902954,
      0.03455817699432373,
      -0.053488701581954956,
      -0.007693350315093994,
      0.05199727416038513,
      0.0004806220531463623,
      0.015732675790786743,
      0.042211830615997314,
      0.0241868793964386,
      0.024752289056777954,
      0.06767734885215759,
      0.046998023986816406,
      0.08454746007919312,
      0.06902974843978882,
      0.039451152086257935,
      -0.022524774074554443,
      0.046022891998291016,
      0.0440959632396698,
      0.05879136919975281,
      0.03665971755981445,
      -0.045101553201675415,
      0.0008575916290283203,
      0.0551447868347168,
      -0.013295084238052368,
      0.02686285972595215,
      0.04837685823440552,
      0.03342011570930481,
      0.06407761573791504,
      0.02758413553237915,
      0.03483223915100098,
      0.0420682430267334,
      0.007154971361160278,
      0.032644182443618774,
      0.04196345806121826,
      -0.00012505054473876953,
      0.03147345781326294,
      0.06140977144241333,
      0.029571950435638428,
      0.06630605459213257
    ],
    "director_final_energy": [
      -0.4069291353225708,
      -0.4069121778011322,
      -0.40692567825317383,
      -0.4069247245788574,
      -0.4069165885448456,
      -0.4069267511367798,
      -0.40692976117134094,
      -0.40693148970603943,
      -0.4069267511367798,
      -0.4069196581840515,
      -0.4069184362888336,
      -0.4069288969039917,
      -0.4069254696369171,
      -0.40692633390426636,
      -0.5006566643714905,
      -0.4069291949272156,
      -0.4069308042526245,
      -0.40692129731178284,
      -0.4069278836250305,
      -0.40693148970603943,
      -0.40692538022994995,
      -0.40692803263664246,
      -0.4069252610206604,
      -0.4069273769855499,
      -0.40692222118377686,
      -0.40692317485809326,
      -0.4069289267063141,
      -0.40691500902175903,
      -0.5003635883331299,
      -0.4069201946258545,
      -0.4069221317768097,
      -0.4069139063358307,
      -0.4069235920906067,
      -0.40692585706710815,
      -0.4069226384162903,
      -0.4069267809391022,
      -0.40692955255508423,
      -0.40692123770713806,
      -0.40692007541656494,
      -0.40692463517189026,
      -0.406925231218338,
      -0.5005614161491394,
      -0.40692582726478577,
      -0.4069271683692932,
      -0.40692946314811707,
      -0.40692463517189026,
      -0.4069272577762604,
      -0.40692993998527527,
      -0.40692731738090515,
      -0.4069264233112335,
      -0.4069153368473053,
      -0.4069196879863739,
      -0.5003302097320557,
      -0.40692922472953796,
      -0.4069269299507141,
      -0.4069308340549469,
      -0.5007486343383789,
      -0.4069242477416992,
      -0.4069261848926544,
      -0.40692493319511414,
      -0.4069057106971741,
      -0.4069284200668335,
      -0.40692007541656494,
      -0.46471360325813293,
      -0.40693074464797974,
      -0.40691816806793213,
      -0.4069277048110962,
      -0.5004339218139648,
      -0.5003668665885925,
      -0.40691977739334106,
      -0.40692344307899475,
      -0.40692731738090515,
      -0.4069291353225708,
      -0.40692517161369324,
      -0.4069269895553589,
      -0.40692445635795593,
      -0.5005072951316833,
      -0.4069298505783081,
      -0.4069282114505768,
      -0.40693145990371704,
      -0.4069287180900574,
      -0.40693002939224243,
      -0.4069223999977112,
      -0.40692347288131714,
      -0.406931608915329,
      -0.40692803263664246,
      -0.4069299101829529,
      -0.40692976117134094,
      -0.4069270193576813,
      -0.4069172143936157,
      -0.4069278836250305,
      -0.40692681074142456,
      -0.500680685043335,
      -0.40692567825317383,
      -0.4069252014160156,
      -0.5007094144821167,
      -0.4069312810897827,
      -0.40691661834716797,
      -0.40692055225372314,
      -0.4069206714630127
    ],