{
  "metadata": {
    "experiment_id": "exp4_adversarial_probing",
    "timestamp": "2025-12-03T15:26:03.994764",
    "random_seeds": {
      "exp1_director": 42,
      "exp2_coop": 123,
      "exp3_main": 999,
      "exp4_safety": 101,
      "exp5_cantor": 202,
      "exp6_info": 303,
      "exp7_bio": 404,
      "test_split": 777
    },
    "config_version": "1.0"
  },
  "raw_data": {
    "trial": [
      0,
      1,
      2,
      3,
      4,
      5,
      6,
      7,
      8,
      9,
      10,
      11,
      12,
      13,
      14,
      15,
      16,
      17,
      18,
      19,
      20,
      21,
      22,
      23,
      24,
      25,
      26,
      27,
      28,
      29,
      30,
      31,
      32,
      33,
      34,
      35,
      36,
      37,
      38,
      39,
      40,
      41,
      42,
      43,
      44,
      45,
      46,
      47,
      48,
      49,
      50,
      51,
      52,
      53,
      54,
      55,
      56,
      57,
      58,
      59,
      60,
      61,
      62,
      63,
      64,
      65,
      66,
      67,
      68,
      69,
      70,
      71,
      72,
      73,
      74,
      75,
      76,
      77,
      78,
      79,
      80,
      81,
      82,
      83,
      84,
      85,
      86,
      87,
      88,
      89,
      90,
      91,
      92,
      93,
      94,
      95,
      96,
      97,
      98,
      99
    ],
    "energy_safe": [
      0.4323750138282776,
      0.47832924127578735,
      0.40971535444259644,
      0.2807314395904541,
      0.39573681354522705,
      0.3873346745967865,
      0.321117103099823,
      0.4007072448730469,
      0.279288649559021,
      0.4368517994880676,
      0.2256951630115509,
      0.3564181327819824,
      0.4308735132217407,
      0.3646683096885681,
      0.3423638939857483,
      0.34492945671081543,
      0.384989857673645,
      0.28157058358192444,
      0.22152137756347656,
      0.4480995535850525,
      0.32340240478515625,
      0.39762526750564575,
      0.29913008213043213,
      0.42568203806877136,
      0.26048076152801514,
      0.36913150548934937,
      0.42395833134651184,
      0.293095201253891,
      0.31725239753723145,
      0.34120309352874756,
      0.3829908072948456,
      0.36466434597969055,
      0.29959630966186523,
      0.3117111325263977,
      0.41850268840789795,
      0.3835802972316742,
      0.38007453083992004,
      0.4197792410850525,
      0.25074848532676697,
      0.4292476177215576,
      0.4006815552711487,
      0.3761152923107147,
      0.43885767459869385,
      0.3181913495063782,
      0.40364187955856323,
      0.22306275367736816,
      0.3718053996562958,
      0.3463020920753479,
      0.38071897625923157,
      0.39117974042892456,
      0.3692190945148468,
      0.23526698350906372,
      0.3638733923435211,
      0.46683794260025024,
      0.3695853650569916,
      0.2707163989543915,
      0.3015979826450348,
      0.3311282992362976,
      0.3807467818260193,
      0.3849027454853058,
      0.372051477432251,
      0.28824928402900696,
      0.2581861615180969,
      0.2818668484687805,
      0.31847357749938965,
      0.3919433355331421,
      0.2831415832042694,
      0.4743269979953766,
      0.33530038595199585,
      0.3254023790359497,
      0.3918619155883789,
      0.2609885334968567,
      0.41298434138298035,
      0.3786795735359192,
      0.35730868577957153,
      0.3833642303943634,
      0.32207345962524414,
      0.4677138030529022,
      0.40740346908569336,
      0.4657366871833801,
      0.3617374002933502,
      0.40369996428489685,
      0.2628931999206543,
      0.21567177772521973,
      0.4176044166088104,
      0.426099568605423,
      0.34263789653778076,
      0.42275381088256836,
      0.34099501371383667,
      0.38320738077163696,
      0.35463571548461914,
      0.29895561933517456,
      0.34954071044921875,
      0.3742067217826843,
      0.36750608682632446,
      0.22031641006469727,
      0.2893874943256378,
      0.31690603494644165,
      0.4003533124923706,
      0.2803795337677002
    ],
    "energy_harm": [
      0.2417793869972229,
      0.3631909489631653,
      0.3157750964164734,
      0.41615134477615356,
      0.43123218417167664,
      0.33615976572036743,
      0.20547449588775635,
      0.308037668466568,
      0.357870876789093,
      0.274994432926178,
      0.37711793184280396,
      0.3388807773590088,
      0.41854220628738403,
      0.3014720380306244,
      0.31715965270996094,
      0.21143025159835815,
      0.21415787935256958,
      0.3880414366722107,
      0.31581223011016846,
      0.2655158042907715,
      0.3279033303260803,
      0.30730560421943665,
      0.2266024351119995,
      0.3651370406150818,
      0.30793577432632446,
      0.2965348958969116,
      0.2596327066421509,
      0.3668593764305115,
      0.3579432964324951,
      0.19509488344192505,
      0.20418983697891235,
      0.3221707344055176,
      0.35663968324661255,
      0.44499996304512024,
      0.5047507882118225,
      0.348310649394989,
      0.5063907504081726,
      0.37866657972335815,
      0.27479785680770874,
      0.260137677192688,
      0.4586871564388275,
      0.30888187885284424,
      0.27311965823173523,
      0.41847309470176697,
      0.3824153542518616,
      0.44650834798812866,
      0.32333680987358093,
      0.4508659839630127,
      0.3982400894165039,
      0.49544820189476013,
      0.5197119116783142,
      0.20038872957229614,
      0.254647433757782,
      0.32691773772239685,
      0.2518444061279297,
      0.22931745648384094,
      0.13056859374046326,
      0.16780328750610352,
      0.28333866596221924,
      0.333015114068985,
      0.32403406500816345,
      0.2620331645011902,
      0.4312348961830139,
      0.19568464159965515,
      0.16834405064582825,
      0.2819535732269287,
      0.27894267439842224,
      0.38605087995529175,
      0.24488398432731628,
      0.1253753900527954,
      0.3652873635292053,
      0.1583372950553894,
      0.37048912048339844,
      0.32952070236206055,
      0.3025512099266052,
      0.3715251088142395,
      0.26097553968429565,
      0.2810293734073639,
      0.20049452781677246,
      0.3483075201511383,
      0.14427685737609863,
      0.44810670614242554,
      0.38223928213119507,
      0.4167851209640503,
      0.42892569303512573,
      0.2562727928161621,
      0.31788426637649536,
      0.20860886573791504,
      0.19145330786705017,
      0.20292946696281433,
      0.23999249935150146,
      0.2619609832763672,
      0.37294918298721313,
      0.2979694902896881,
      0.26947805285453796,
      0.23771226406097412,
      0.220478355884552,
      0.2498336136341095,
      0.39472559094429016,
      0.3603048324584961
    ],