{
  "metadata": {
    "experiment_id": "exp4_adversarial_probing",
    "timestamp": "2025-12-03T15:26:51.682304",
    "random_seeds": {
      "exp1_director": 42,
      "exp2_coop": 123,
      "exp3_main": 999,
      "exp4_safety": 101,
      "exp5_cantor": 202,
      "exp6_info": 303,
      "exp7_bio": 404,
      "test_split": 777
    },
    "config_version": "1.0"
  },
  "raw_data": {
    "trial": [
      0,
      1,
      2,
      3,
      4,
      5,
      6,
      7,
      8,
      9,
      10,
      11,
      12,
      13,
      14,
      15,
      16,
      17,
      18,
      19,
      20,
      21,
      22,
      23,
      24,
      25,
      26,
      27,
      28,
      29,
      30,
      31,
      32,
      33,
      34,
      35,
      36,
      37,
      38,
      39,
      40,
      41,
      42,
      43,
      44,
      45,
      46,
      47,
      48,
      49,
      50,
      51,
      52,
      53,
      54,
      55,
      56,
      57,
      58,
      59,
      60,
      61,
      62,
      63,
      64,
      65,
      66,
      67,
      68,
      69,
      70,
      71,
      72,
      73,
      74,
      75,
      76,
      77,
      78,
      79,
      80,
      81,
      82,
      83,
      84,
      85,
      86,
      87,
      88,
      89,
      90,
      91,
      92,
      93,
      94,
      95,
      96,
      97,
      98,
      99
    ],
    "energy_safe": [
      0.2835536003112793,
      0.29910850524902344,
      0.29253464937210083,
      0.2774319350719452,
      0.2892198860645294,
      0.28073370456695557,
      0.27952536940574646,
      0.29552561044692993,
      0.27557826042175293,
      0.2907525897026062,
      0.25371426343917847,
      0.28846606612205505,
      0.2886398732662201,
      0.2687273621559143,
      0.2783566415309906,
      0.28418245911598206,
      0.2864794135093689,
      0.27403175830841064,
      0.2646632790565491,
      0.3004137873649597,
      0.28749701380729675,
      0.27611231803894043,
      0.2749207019805908,
      0.29153144359588623,
      0.2752739489078522,
      0.284645676612854,
      0.2940576672554016,
      0.2677737772464752,
      0.2725735306739807,
      0.2898266315460205,
      0.28202584385871887,
      0.2823735475540161,
      0.28068816661834717,
      0.27762371301651,
      0.2925441265106201,
      0.3036684989929199,
      0.2995934784412384,
      0.29773640632629395,
      0.25541239976882935,
      0.29415974020957947,
      0.28614550828933716,
      0.27785471081733704,
      0.3103848695755005,
      0.27890244126319885,
      0.29066818952560425,
      0.24434128403663635,
      0.28384172916412354,
      0.283196359872818,
      0.3008720278739929,
      0.2899615168571472,
      0.2922838628292084,
      0.2688182592391968,
      0.28278303146362305,
      0.29557234048843384,
      0.29749470949172974,
      0.26425397396087646,
      0.27014338970184326,
      0.28569769859313965,
      0.2946247160434723,
      0.2943947911262512,
      0.2790946364402771,
      0.27615994215011597,
      0.2744186818599701,
      0.2817746698856354,
      0.28570252656936646,
      0.2723360061645508,
      0.2800319492816925,
      0.30839040875434875,
      0.27236104011535645,
      0.27532216906547546,
      0.29554688930511475,
      0.284071683883667,
      0.2985667586326599,
      0.2804713845252991,
      0.2902059555053711,
      0.28670644760131836,
      0.26386427879333496,
      0.3008868992328644,
      0.29638275504112244,
      0.31222644448280334,
      0.2822037935256958,
      0.2925860285758972,
      0.2681012749671936,
      0.272579550743103,
      0.285707026720047,
      0.28801894187927246,
      0.2898004353046417,
      0.299807608127594,
      0.28487318754196167,
      0.2880253195762634,
      0.27628061175346375,
      0.2784208059310913,
      0.286619633436203,
      0.2942344844341278,
      0.29235324263572693,
      0.2654240131378174,
      0.2724987864494324,
      0.27197206020355225,
      0.29679325222969055,
      0.2729959785938263
    ],
    "energy_harm": [
      0.08716729283332825,
      0.20097383856773376,
      0.24606719613075256,
      0.32528185844421387,
      0.2818399965763092,
      0.2944261133670807,
      0.034319132566452026,
      0.2546301782131195,
      0.24131089448928833,
      0.1732470989227295,
      0.3711760938167572,
      0.19655144214630127,
      0.34782129526138306,
      0.16326063871383667,
      0.1522863805294037,
      0.1261729598045349,
      0.17009884119033813,
      0.2208164930343628,
      0.10558825731277466,
      0.06542152166366577,
      0.3187825679779053,
      0.11614739894866943,
      0.02207431197166443,
      0.237230122089386,
      0.05745291709899902,
      0.16910481452941895,
      0.09551617503166199,
      0.26863664388656616,
      0.2305784523487091,
      0.12364766001701355,
      0.032792747020721436,
      0.11517083644866943,
      0.24608749151229858,
      0.29124757647514343,
      0.32259801030158997,
      0.23677504062652588,
      0.4335906207561493,
      0.22097629308700562,
      0.07965090870857239,
      0.025824368000030518,
      0.34450218081474304,
      0.1822434663772583,
      0.11800017952919006,
      0.29421883821487427,
      0.3217810392379761,
      0.3251309394836426,
      0.13039308786392212,
      0.3351384103298187,
      0.3588879108428955,
      0.4300977885723114,
      0.4275186359882355,
      -0.036522626876831055,
      0.05595850944519043,
      0.31698089838027954,
      0.15517345070838928,
      -0.02712312340736389,
      0.06824532151222229,
      0.01465153694152832,
      0.18229526281356812,
      0.29933497309684753,
      0.13130605220794678,
      0.07552582025527954,
      0.3411928117275238,
      0.04671961069107056,
      -0.024961650371551514,
      0.05374908447265625,
      0.14081600308418274,
      0.31039759516716003,
      0.18509668111801147,
      -0.054465532302856445,
      0.33888304233551025,
      0.09966140985488892,
      0.30214980244636536,
      0.273887574672699,
      0.24599337577819824,
      0.23981893062591553,
      0.12043160200119019,
      0.22341924905776978,
      0.08306336402893066,
      0.2772988975048065,
      0.004493236541748047,
      0.547487735748291,
      0.28946298360824585,
      0.4557230770587921,
      0.28391143679618835,
      0.10029500722885132,
      0.253188818693161,
      0.05602017045021057,
      0.12758123874664307,
      0.07191187143325806,
      0.1858954131603241,
      0.20015043020248413,
      0.26353949308395386,
      0.20083776116371155,
      0.02127900719642639,
      0.035436540842056274,
      0.07850739359855652,
      0.06801104545593262,
      0.26026737689971924,
      0.2611410617828369
    ],