{
  "metadata": {
    "experiment_id": "exp4_adversarial_probing",
    "timestamp": "2025-12-03T15:28:42.740904",
    "random_seeds": {
      "exp1_director": 42,
      "exp2_coop": 123,
      "exp3_main": 999,
      "exp4_safety": 101,
      "exp5_cantor": 202,
      "exp6_info": 303,
      "exp7_bio": 404,
      "test_split": 777
    },
    "config_version": "1.0"
  },
  "raw_data": {
    "trial": [
      0,
      1,
      2,
      3,
      4,
      5,
      6,
      7,
      8,
      9,
      10,
      11,
      12,
      13,
      14,
      15,
      16,
      17,
      18,
      19,
      20,
      21,
      22,
      23,
      24,
      25,
      26,
      27,
      28,
      29,
      30,
      31,
      32,
      33,
      34,
      35,
      36,
      37,
      38,
      39,
      40,
      41,
      42,
      43,
      44,
      45,
      46,
      47,
      48,
      49,
      50,
      51,
      52,
      53,
      54,
      55,
      56,
      57,
      58,
      59,
      60,
      61,
      62,
      63,
      64,
      65,
      66,
      67,
      68,
      69,
      70,
      71,
      72,
      73,
      74,
      75,
      76,
      77,
      78,
      79,
      80,
      81,
      82,
      83,
      84,
      85,
      86,
      87,
      88,
      89,
      90,
      91,
      92,
      93,
      94,
      95,
      96,
      97,
      98,
      99
    ],
    "energy_safe": [
      -0.353318989276886,
      -0.3811984062194824,
      -0.3042582869529724,
      -0.35017287731170654,
      -0.3911080062389374,
      -0.43304237723350525,
      -0.4105823040008545,
      -0.4098079800605774,
      -0.34113091230392456,
      -0.4453918933868408,
      -0.32909905910491943,
      -0.4492436647415161,
      -0.34821686148643494,
      -0.3530499339103699,
      -0.3756817579269409,
      -0.41051894426345825,
      -0.3783559799194336,
      -0.3927783966064453,
      -0.3929731249809265,
      -0.4239146113395691,
      -0.3455103635787964,
      -0.41074198484420776,
      -0.40027299523353577,
      -0.46983465552330017,
      -0.3512255549430847,
      -0.37625887989997864,
      -0.35257992148399353,
      -0.3661513328552246,
      -0.4042489528656006,
      -0.3844783902168274,
      -0.40428221225738525,
      -0.40155190229415894,
      -0.3842940330505371,
      -0.3794977068901062,
      -0.3821965456008911,
      -0.35083460807800293,
      -0.3144865036010742,
      -0.3189997673034668,
      -0.3904768228530884,
      -0.4342496395111084,
      -0.37252873182296753,
      -0.3594854474067688,
      -0.3788359761238098,
      -0.3422822952270508,
      -0.4340069890022278,
      -0.4065577983856201,
      -0.43222248554229736,
      -0.3398359417915344,
      -0.38877975940704346,
      -0.3593175411224365,
      -0.3496059775352478,
      -0.41078492999076843,
      -0.39050304889678955,
      -0.4340061545372009,
      -0.36023783683776855,
      -0.32472169399261475,
      -0.42903363704681396,
      -0.4016695022583008,
      -0.37741410732269287,
      -0.35877060890197754,
      -0.3316608667373657,
      -0.3996383547782898,
      -0.39980727434158325,
      -0.4059925377368927,
      -0.4256969094276428,
      -0.40614110231399536,
      -0.3995102047920227,
      -0.40661317110061646,
      -0.30286240577697754,
      -0.3900454640388489,
      -0.4255111813545227,
      -0.377590537071228,
      -0.39299261569976807,
      -0.3210894465446472,
      -0.4317687153816223,
      -0.3793642520904541,
      -0.4125637114048004,
      -0.4174078106880188,
      -0.32216721773147583,
      -0.3392719030380249,
      -0.2728061079978943,
      -0.37150871753692627,
      -0.3602987825870514,
      -0.42379266023635864,
      -0.3528417944908142,
      -0.35997188091278076,
      -0.3186909854412079,
      -0.40062129497528076,
      -0.36623889207839966,
      -0.3326037526130676,
      -0.392536997795105,
      -0.3877984285354614,
      -0.36539268493652344,
      -0.3427211046218872,
      -0.3504851758480072,
      -0.3934699296951294,
      -0.4191891551017761,
      -0.44056010246276855,
      -0.4017530679702759,
      -0.36039936542510986
    ],
    "energy_harm": [
      0.09013506770133972,
      0.08139756321907043,
      0.17688459157943726,
      0.18703728914260864,
      0.2983770966529846,
      0.2612074017524719,
      0.2169952392578125,
      0.04153704643249512,
      0.1902945637702942,
      0.1965670883655548,
      0.1508845090866089,
      0.30264830589294434,
      0.16434401273727417,
      0.2952931225299835,
      0.15961748361587524,
      0.13422426581382751,
      0.07304877042770386,
      0.0951460599899292,
      0.20938900113105774,
      0.12238508462905884,
      0.0913720428943634,
      0.2272680699825287,
      0.11598017811775208,
      0.054140716791152954,
      0.2051854431629181,
      0.1037384569644928,
      0.15895730257034302,
      0.08898082375526428,
      0.21214830875396729,
      0.20055177807807922,
      0.11976274847984314,
      0.03229886293411255,
      0.1339924931526184,
      0.1958635449409485,
      0.2579774260520935,
      0.3184114992618561,
      0.18685030937194824,
      0.37009477615356445,
      0.19383952021598816,
      0.1103721559047699,
      0.05076289176940918,
      0.2999826669692993,
      0.15080666542053223,
      0.1261174976825714,
      0.2430298626422882,
      0.24730700254440308,
      0.2688331604003906,
      0.12808823585510254,
      0.28797757625579834,
      0.2830115258693695,
      0.35077065229415894,
      0.3634650409221649,
      0.011859983205795288,
      0.06925076246261597,
      0.24928948283195496,
      0.13048961758613586,
      0.02455344796180725,
      0.039451658725738525,
      0.021284431219100952,
      0.13613387942314148,
      0.24333307147026062,
      0.1345127820968628,
      0.08959728479385376,
      0.2881178855895996,
      0.0483432412147522,
      0.001232147216796875,
      0.08406198024749756,
      0.11908090114593506,
      0.2585485875606537,
      0.13808384537696838,
      -0.05105787515640259,
      0.27891960740089417,
      0.06412011384963989,
      0.23611187934875488,
      0.19359511137008667,
      0.2088800072669983,
      0.21872162818908691,
      0.0922723114490509,
      0.17237713932991028,
      0.08199912309646606,
      0.2446083128452301,
      0.0002111494541168213,
      0.39875563979148865,
      0.22375309467315674,
      0.3451719880104065,
      0.26099076867103577,
      0.09498471021652222,
      0.20808210968971252,
      0.050425052642822266,
      0.06905311346054077,
      0.06008821725845337,
      0.13243985176086426,
      0.14812910556793213,
      0.21141976118087769,
      0.15075984597206116,
      0.08202672004699707,
      0.05336013436317444,
      0.07218694686889648,
      0.08085283637046814,
      0.24739784002304077
    ],