{
  "metadata": {
    "experiment_id": "exp5_cantorian_limits",
    "timestamp": "2025-12-03T15:31:12.980080",
    "random_seeds": {
      "exp1_director": 42,
      "exp2_coop": 123,
      "exp3_main": 999,
      "exp4_safety": 101,
      "exp5_cantor": 202,
      "exp6_info": 303,
      "exp7_bio": 404,
      "test_split": 777
    },
    "config_version": "1.0"
  },
  "raw_data": {
    "control_errors": [
      9.898093252633734e-16,
      3.5574209693234857e-16,
      1.4010272583201087e-14,
      3.230253044444017e-16,
      3.420376511083414e-14,
      9.89797340830016e-16,
      1.5215985023348624e-15,
      5.7427514201825434e-15,
      3.557406011705185e-16,
      3.679584348589951e-15,
      1.5216080166324264e-15,
      3.2303286145447765e-16,
      6.584377287540236e-16,
      2.361499051537157e-15,
      2.3615113746900673e-15,
      4.604843225158927e-16,
      2.3615066409907275e-15,
      8.350392069031616e-14,
      8.349950231733279e-14,
      9.897973387469616e-16,
      2.361499052247615e-15,
      1.4011382425928396e-14,
      4.604871471854104e-16,
      1.3047187819054303e-13,
      9.89749080032543e-16,
      1.5213001853045228e-15,
      2.3614388071278093e-15,
      2.1891161533867674e-14,
      3.229574680687762e-16,
      6.584856353051604e-16,
      2.361438806789771e-15,
      1.521606058117055e-15,
      3.557406019013994e-16,
      8.967192888477954e-15,
      3.5569465675435326e-16,
      2.361514196817589e-15,
      8.350285688484973e-14,
      8.968973113019579e-15,
      3.5574060373455117e-16,
      3.2303435439962306e-16,
      1.521603231374991e-15,
      2.361499055720023e-15,
      6.58480845902327e-16,
      8.350113900842731e-14,
      4.604871498347199e-16,
      2.361487065554244e-15,
      8.349294915185298e-14,
      9.898216450655893e-16,
      5.742566989160659e-15,
      9.89778525726665e-16
    ],
    "experimental_errors": [
      1.234567901553826,
      1.2345679021538396,
      1.234567900930169,
      1.2345679008685284,
      1.2345679009301689,
      1.2345679005015924,
      1.2345679018362707,
      1.234567901654424,
      1.234567900932908,
      1.2345678995196185,
      1.2345679021383258,
      1.2345679008680173,
      1.2345679001178258,
      1.2345679008685284,
      1.234567901529279,
      1.2345679033585883,
      1.234567901654424,
      1.2345679007369315,
      1.2345679015638047,
      1.234567901532018,
      1.2345679007369315,
      1.234567900871137,
      1.2345679008710235,
      1.2345679015626585,
      1.234567901654935,
      1.2345679016551667,
      1.2345679015327031,
      1.2345679004939287,
      1.2345679016544238,
      1.2345679005015924,
      1.234567904579746,
      1.2345678995050131,
      1.234567900731871,
      1.2345679015276425,
      1.234567900871137,
      1.234567901654935,
      1.2345679015626585,
      1.234567901654424,
      1.2345679018429134,
      1.2345679009325456,
      1.234567901654424,
      1.2345679007369315,
      1.2345679015614979,
      1.2345679016575435,
      1.2345679021445328,
      1.2345679009335928,
      1.234567900739918,
      1.2345679021433862,
      1.2345679007304142,
      1.2345679008680173
    ]
  },
  "analysis": {
    "test_name": "mann_whitney",
    "statistic": 2500.0,
    "p_value": 3.5171330914699284e-18,
    "effect_size": 2126029497.0689282,
    "mean_mse_control": 1.4128346626716919e-14,
    "mean_mse_exp": 1.2345679012963346
  }
}