{
  "metadata": {
    "experiment_id": "exp5_cantorian_limits",
    "timestamp": "2025-12-03T15:30:22.766061",
    "random_seeds": {
      "exp1_director": 42,
      "exp2_coop": 123,
      "exp3_main": 999,
      "exp4_safety": 101,
      "exp5_cantor": 202,
      "exp6_info": 303,
      "exp7_bio": 404,
      "test_split": 777
    },
    "config_version": "1.0"
  },
  "raw_data": {
    "control_errors": [
      0.032930377914921684,
      0.026128663277987522,
      0.03179021658048764,
      0.03904982429576832,
      0.022320428026150994,
      0.02229730746123288,
      0.029662690859379226,
      0.02822880283949812,
      0.031690756268767856,
      0.029756238197971033,
      0.031122117878434944,
      0.02225084116716866,
      0.03534251437113032,
      0.020387725080264558,
      0.029613542124215696,
      0.022551500743420782,
      0.028499398379878978,
      0.030439099676993278,
      0.03386117402079004,
      0.030041441546393627,
      0.03242747364181172,
      0.02214884946985754,
      0.02766679792272021,
      0.026970375605316357,
      0.03744501033741518,
      0.027783398548149846,
      0.03747568216535804,
      0.030864934520264335,
      0.028183810591070044,
      0.026648343444294186,
      0.031909675616502695,
      0.03132397175618069,
      0.021758227247059,
      0.03308531357743628,
      0.02781419509013394,
      0.026537171985123,
      0.028792204083858863,
      0.03021026671852602,
      0.023025761061202413,
      0.022626334789382533,
      0.02783533451943362,
      0.030277816282703957,
      0.031693737260218194,
      0.027682499374834954,
      0.03562999252490303,
      0.02562401347880043,
      0.03465187897529528,
      0.028060841492872374,
      0.029762684967545864,
      0.024072338421268758
    ],
    "experimental_errors": [
      0.0020941473430172632,
      0.0021319600718484105,
      0.0030449406628616288,
      0.002941648648703072,
      0.0027353252780636826,
      0.003088544731574436,
      0.0021777749044276386,
      0.002713227097153767,
      0.002432714276556919,
      0.0017258137391537337,
      0.001436222169489,
      0.002758411188448692,
      0.0022077003042936766,
      0.002645417222278797,
      0.002131319534231317,
      0.0017035499850673464,
      0.001975655518390993,
      0.003450561563084701,
      0.0024781867410454835,
      0.002147359316883815,
      0.002645798765570257,
      0.002502547459721992,
      0.0023190849377139238,
      0.0033254624830863356,
      0.002312525324530591,
      0.002814275801031327,
      0.0018210357948807096,
      0.002663562958678673,
      0.0016535610520553295,
      0.0024648472646022963,
      0.0034282015540233785,
      0.002397842011646235,
      0.002119706528902133,
      0.003098972437386579,
      0.003117051411302158,
      0.001881067230542376,
      0.0026370510048583954,
      0.0025836546347942097,
      0.0019767625137987587,
      0.002207941133059558,
      0.0031789166082240345,
      0.0032360012836222455,
      0.002612495868920504,
      0.002525232044702541,
      0.0019378205459436584,
      0.0024996991831485473,
      0.0028215940199603304,
      0.002748862699568307,
      0.003425837626649097,
      0.002612548591029063
    ]
  },
  "analysis": {
    "test_name": "welch_t",
    "statistic": -41.63180395785558,
    "p_value": 1.0,
    "effect_size": -8.410894540465321,
    "mean_mse_control": 0.028959071923607912,
    "mean_mse_exp": 0.0025118088214105584
  }
}