{
  "metadata": {
    "experiment_id": "exp7_systems_biology",
    "timestamp": "2025-12-03T15:32:54.449851",
    "random_seeds": {
      "exp1_director": 42,
      "exp2_coop": 123,
      "exp3_main": 999,
      "exp4_safety": 101,
      "exp5_cantor": 202,
      "exp6_info": 303,
      "exp7_bio": 404,
      "test_split": 777
    },
    "config_version": "1.0"
  },
  "raw_data": {
    "coop_rates_A": [
      0.97,
      0.91,
      0.99,
      0.98,
      0.98,
      0.96,
      1.0,
      0.95,
      0.98,
      0.98,
      0.93,
      0.94,
      0.96,
      0.97,
      0.98,
      0.95,
      0.97,
      0.97,
      0.9,
      0.94,
      0.94,
      0.97,
      0.94,
      0.92,
      0.94,
      0.98,
      0.91,
      0.94,
      0.97,
      0.95,
      0.93,
      0.96,
      0.96,
      0.98,
      0.91,
      0.97,
      0.99,
      0.93,
      0.96,
      0.98,
      0.96,
      0.96,
      0.93,
      0.99,
      0.98,
      0.97,
      0.92,
      0.98,
      0.98,
      0.86
    ],
    "coop_rates_B": [
      0.0,
      0.0,
      0.0,
      0.0,
      0.0,
      0.0,
      0.0,
      0.0,
      0.0,
      0.0,
      0.0,
      0.0,
      0.0,
      0.0,
      0.0,
      0.0,
      0.0,
      0.0,
      0.0,
      0.0,
      0.0,
      0.0,
      0.0,
      0.0,
      0.0,
      0.0,
      0.0,
      0.0,
      0.0,
      0.0,
      0.0,
      0.0,
      0.0,
      0.0,
      0.0,
      0.0,
      0.0,
      0.0,
      0.0,
      0.0,
      0.0,
      0.0,
      0.0,
      0.0,
      0.0,
      0.0,
      0.0,
      0.0,
      0.0,
      0.0
    ]
  },
  "analysis": {
    "test_name": "mann_whitney",
    "statistic": 2500.0,
    "p_value": 1.463522569162738e-20,
    "effect_size": 48.35253059348938,
    "mean_coop_A": 0.9553999999999999,
    "mean_coop_B": 0.0
  }
}