{
  "metadata": {
    "experiment_id": "exp8_gradient_intelligence",
    "timestamp": "2025-12-03T15:44:21.018903",
    "random_seeds": {
      "exp1_director": 42,
      "exp2_coop": 123,
      "exp3_main": 999,
      "exp4_safety": 101,
      "exp5_cantor": 202,
      "exp6_info": 303,
      "exp7_bio": 404,
      "test_split": 777
    },
    "config_version": "1.0"
  },
  "raw_data": {
    "Random": {
      "energies": [
        0.03234413266181946,
        0.0983666181564331,
        -0.01557934284210205,
        0.1004917323589325,
        0.12697464227676392,
        -0.00025326013565063477,
        0.10146182775497437,
        0.09734994173049927,
        0.03926309943199158,
        0.12279617786407471,
        0.052253931760787964,
        0.019142448902130127,
        0.1081821620464325,
        0.11350873112678528,
        0.1182725727558136,
        0.03107723593711853,
        0.099759042263031,
        0.06755369901657104,
        0.06244340538978577,
        0.03645041584968567,
        0.009072214365005493,
        0.054445892572402954,
        0.10032349824905396,
        0.12411996722221375,
        0.0786983072757721,
        0.0032039284706115723,
        0.07125681638717651,
        0.03796529769897461,
        0.07092389464378357,
        0.07861128449440002,
        0.04258736968040466,
        0.12765955924987793,
        0.050920188426971436,
        0.1141965389251709,
        0.033408403396606445,
        0.08348044753074646,
        0.05873602628707886,
        0.11721476912498474,
        0.13808852434158325,
        0.06783837080001831,
        0.06730589270591736,
        0.08485865592956543,
        0.06132492423057556,
        0.0867718756198883,
        0.1449567973613739,
        0.03327500820159912,
        0.1658421754837036,
        0.10115429759025574,
        0.09768286347389221,
        0.005284816026687622
      ],
      "steps": [
        20,
        20,
        20,
        20,
        20,
        20,
        20,
        20,
        20,
        20,
        20,
        20,
        20,
        20,
        20,
        20,
        20,
        20,
        20,
        20,
        20,
        20,
        20,
        20,
        20,
        20,
        20,
        20,
        20,
        20,
        20,
        20,
        20,
        20,
        20,
        20,
        20,
        20,
        20,
        20,
        20,
        20,
        20,
        20,
        20,
        20,
        20,
        20,
        20,
        20
      ]
    },
    "GradientDescent": {
      "energies": [
        -0.4820229411125183,
        -0.48183074593544006,
        -0.29587703943252563,
        -0.47003743052482605,
        -0.47402071952819824,
        -0.4446568191051483,
        -0.4801424443721771,
        -0.4543518126010895,
        -0.45569366216659546,
        -0.4355919659137726,
        -0.49024397134780884,
        -0.4529055655002594,
        -0.4287933111190796,
        -0.48565277457237244,
        -0.4616067409515381,
        -0.478598415851593,
        -0.4512230455875397,
        -0.4736176133155823,
        -0.4509653151035309,
        -0.41539210081100464,
        -0.45468053221702576,
        -0.36231544613838196,
        -0.4804452061653137,
        -0.473097026348114,
        -0.37865138053894043,
        -0.4757867753505707,
        -0.38609933853149414,
        -0.4591151475906372,
        -0.4300558567047119,
        -0.30749043822288513,
        -0.3825569748878479,
        -0.4637819528579712,
        -0.4791843593120575,
        -0.43695831298828125,
        -0.45777809619903564,
        -0.4826687276363373,
        -0.43060019612312317,
        -0.48489272594451904,
        -0.29778724908828735,
        -0.39124882221221924,
        -0.48820310831069946,
        -0.48205897212028503,
        -0.4813317656517029,
        -0.4046138525009155,
        -0.4857911765575409,
        -0.4591367244720459,
        -0.3025607466697693,
        -0.3272101581096649,
        -0.4630572497844696,
        -0.48529574275016785
      ],
      "steps": [
        20,
        20,
        20,
        20,
        20,
        20,
        20,
        20,
        20,
        20,
        20,
        20,
        20,
        20,
        20,
        20,
        20,
        20,
        20,
        20,
        20,
        20,
        20,
        20,
        20,
        20,
        20,
        20,
        20,
        20,
        20,
        20,
        20,
        20,
        20,
        20,
        20,
        20,
        20,
        20,
        20,
        20,
        20,
        20,
        20,
        20,
        20,
        20,
        20,
        20
      ]
    },
    "SimAnnealing": {
      "energies": [
        2.164944648742676,
        1.5443446636199951,
        1.8437141180038452,
        0.8896329998970032,
        1.579047441482544,
        0.9023217558860779,
        1.1346631050109863,
        1.0592067241668701,
        1.317633032798767,
        1.2872718572616577,
        0.5890334844589233,
        0.6431111097335815,
        1.5801138877868652,
        1.2171452045440674,
        1.4147260189056396,
        1.0832819938659668,
        0.9236811995506287,
        0.9634966254234314,
        1.0729080438613892,
        0.616237998008728,
        1.3971688747406006,
        1.7580740451812744,
        1.309581995010376,
        0.8405768871307373,
        1.9639227390289307,
        1.1733109951019287,
        1.4779231548309326,
        1.0498695373535156,
        1.431169033050537,
        1.6124454736709595,
        0.9787046909332275,
        0.8370682001113892,
        1.60479736328125,
        2.0094828605651855,
        1.435451626777649,
        0.9899798631668091,
        0.771583616733551,
        0.8955230712890625,
        0.9495067596435547,
        1.5706604719161987,
        1.356493592262268,
        1.0177842378616333,
        1.076276421546936,
        1.197350263595581,
        1.3187899589538574,
        1.2147116661071777,
        1.0875717401504517,
        1.4003595113754272,
        0.5962641835212708,
        1.0043072700500488
      ],
      "steps": [
        20,
        20,
        20,
        20,
        20,
        20,
        20,
        20,
        20,
        20,
        20,
        20,
        20,
        20,
        20,
        20,
        20,
        20,
        20,
        20,
        20,
        20,
        20,
        20,
        20,
        20,
        20,
        20,
        20,
        20,
        20,
        20,
        20,
        20,
        20,
        20,
        20,
        20,
        20,
        20,
        20,
        20,
        20,
        20,
        20,
        20,
        20,
        20,
        20,
        20
      ]
    },